NOMBRE_REGION,VOTOS_TOTALES,VOTOS_AGRUPACION,PORCENTAJE_AGRUPACION
COMUNA 15,128547,6094,4.74
COMUNA 05,121975,5740,4.71
COMUNA 03,117157,5124,4.37
COMUNA 10,118733,5148,4.34
COMUNA 04,136899,5798,4.24
COMUNA 06,127594,5248,4.11
COMUNA 12,152159,6180,4.06
COMUNA 11,137736,5461,3.96
COMUNA 09,116632,4568,3.92
COMUNA 07,134121,5247,3.91
COMUNA 08,107120,4018,3.75
COMUNA 01,122034,4368,3.58
COMUNA 13,168762,5457,3.23
COMUNA 14,156784,4675,2.98
COMUNA 02,104294,2620,2.51
